Employee_ID,Job_Title,Gender,Salary,Birth_Date,Hire_Date,Termination
120746,Account Manager,M,62221.50,10OCT1989,01APR2013,
120750,Accountant I,F,44111.25,07JUN1969,01FEB1990,31JAN2013
120762,Accountant I,M,41343.75,02NOV1994,01MAR2017,
120767,Accountant I,M,41206.25,09MAY1979,01APR1998,
120752,Accountant I,M,38237.50,17FEB1969,01AUG1986,30APR2014
120761,Accountant I,F,38700.00,28DEC2001,01JUL2017,
120758,Accountant II,M,42550.00,22OCT1979,01OCT2003,
120759,Accountant II,M,48910.50,04NOV1979,01JAN1994,
120771,Accountant II,F,49187.25,04AUG1969,01DEC1987,
120754,Accountant II,M,43450.00,02JUN2003,01MAY2017,
120768,Accountant II,M,56193.75,22JUL1969,01OCT1992,30NOV2014
120755,Accountant III,F,45550.00,24AUG1979,01AUG1994,
120757,Accountant III,M,52035.75,18MAR1959,01JAN1985,30JUN2015
120420,Administration Manager,F,60125.00,04OCT1984,01JAN2000,
120581,Administration Manager,F,59022.00,14JAN1999,01JUN2013,
120201,Administration Manager,M,54100.00,20JUL1989,01JAN2014,
120887,Administration Manager,M,61425.00,21JAN1989,01JUL2012,
120516,Administration Manager,F,54525.00,04FEB1999,01NOV2015,
120819,Administration Manager,F,59000.00,17MAR2001,01APR2017,
120335,Administration Manager,M,63760.50,11MAR1964,01APR1987,
120104,Administration Manager,F,62410.50,11MAY1969,01JAN1992,
121000,Administration Manager,M,65610.00,25JAN1979,01DEC2004,
120283,Administration Manager,M,34803.00,26SEP2001,01NOV2015,
120803,Applications Developer I,M,54537.50,06JUN1969,01JAN1989,
120797,Applications Developer I,F,54231.25,17NOV1969,01DEC1988,
120801,Applications Developer I,F,50050.00,06MAR1989,01JUL2010,
120811,Applications Developer I,M,59379.75,26SEP1984,01JUL2004,
120795,Applications Developer II,M,66291.75,16JAN1984,01AUG1999,31JAN2014
120812,Applications Developer II,M,61843.50,19FEB1989,01AUG2012,
120796,Applications Developer II,M,58787.50,12MAY1969,01MAR1994,
120813,Applications Developer IV,M,68667.75,14SEP1984,01JAN2004,31DEC2014
120802,Applications Developer IV,F,81406.25,11MAY1964,01JAN1989,30JUN2015
120794,Applications Developer IV,F,64081.25,31DEC1993,01JUL2014,
120766,Auditing Manager,F,72090.00,05NOV1989,01MAR2012,
120764,Auditor I,M,54607.50,22DEC1989,01DEC2013,
120770,Auditor I,F,54912.50,24APR1979,01APR1998,30APR2014
120769,Auditor II,M,59987.50,24MAY1989,01APR2007,
120763,Auditor II,M,56375.00,26OCT1959,01JAN1985,
120265,Auditor III,F,70132.50,04OCT1959,01JAN1985,31DEC2013
120805,BI Administrator IV,M,79015.50,27JUN1993,01APR2011,
120809,BI Architect II,F,63659.25,14JAN1959,01JAN1985,
120808,BI Specialist II,M,59973.75,01JUN1979,01JUN1995,
120748,Building Admin. Manager,F,65313.00,05JUL1991,01MAR2014,
121148,Business Analyst II,M,71455.50,01JAN1984,01JAN2009,31JAN2014
120710,Business Analyst II,M,68550.00,24NOV1989,01JAN2009,
120711,Business Analyst III,F,73912.50,28MAY1984,01MAR2005,
120346,Cabinet Maker I,M,33700.00,28JAN1969,01MAR1991,
120430,Cabinet Maker I,M,36787.50,09SEP1989,01MAR2011,
120898,Cabinet Maker I,F,33425.00,24APR1959,01JAN1985,
120589,Cabinet Maker II,M,35906.25,16FEB2003,01OCT2017,
120825,Cabinet Maker II,M,36000.00,07DEC1994,01JUN2012,
120290,Cabinet Maker II,F,36275.00,04MAR1984,01JAN2000,
120523,Cabinet Maker II,M,39048.75,19JAN1979,01OCT2000,
120210,Cabinet Maker II,F,40236.75,09MAY1964,01JAN2014,
120431,Cabinet Maker II,F,39730.50,17MAR1994,01AUG2012,
120118,Cabinet Maker II,M,35112.50,03JUN1974,01JUL1995,
120590,Cabinet Maker III,F,41000.00,16APR1999,01NOV2017,
120117,Cabinet Maker III,M,42754.50,11SEP1979,01APR1997,
120897,Cabinet Maker IV,F,53162.50,18NOV1974,01DEC1992,
120345,Cabinet Maker IV,F,40700.00,24MAY1999,01JUN2017,
120259,Chief Executive Officer,M,542250.00,25JAN1979,01SEP2000,
120262,Chief Financial Officer,M,335568.75,21OCT1984,01SEP1999,
120260,Chief Marketing Officer,F,280644.75,02DEC1979,01NOV1995,
120261,Chief Sales Officer,M,328306.50,21FEB1984,01AUG1998,
120998,Clerk I,F,35545.50,06DEC1994,01APR2016,
120421,Clerk I,M,32612.50,06MAR2001,01MAY2017,
120886,Clerk I,M,32756.25,01FEB1999,01MAY2017,
120999,Clerk I,F,34018.75,28DEC1974,01APR1995,
120274,Concession Assistant I,F,33550.00,09JAN1979,01DEC2004,
120276,Concession Assistant II,M,35112.50,16DEC1959,01JAN1985,31MAY2014
120278,Concession Assistant III,M,37374.75,17DEC2001,01AUG2017,
120273,Concession Assistant III,F,38414.25,07JUN2001,01MAR2017,
120279,Concession Consultant I,F,41156.25,20OCT1984,01MAY2007,
120277,Concession Consultant I,F,40806.25,16AUG2003,01MAY2015,31MAY2016
120275,Concession Consultant II,F,43463.25,27DEC1974,01OCT1995,
120272,Concession Consultant II,M,42987.50,15MAR1959,01JAN1985,
120280,Concession Consultant III,F,46162.50,11NOV1979,01MAY1999,30JUN2013
120270,Concession Director,M,60543.75,25MAR1969,01JAN1985,
120271,Concession Manager,F,54543.75,06AUG1979,01SEP1997,
120720,Corp. Comm. Manager,M,58225.00,07MAY1979,01APR2003,
120722,Corp. Comm. Specialist I,M,40575.00,22SEP1974,01OCT1996,
120723,Corp. Comm. Specialist II,F,45832.50,10AUG1964,01JAN1985,
120988,Director,M,217748.25,18OCT1974,01JUL1995,
120257,Director,F,195306.25,22MAY1989,01JAN2014,
120510,Director,F,189925.00,22AUG1991,01NOV2008,
120659,Director,M,217741.50,16JUL1964,01JAN1985,
120880,Director,F,220475.25,19OCT1984,01APR2002,
121142,Director,M,195081.25,14FEB1984,01MAY2004,
120331,Director,M,204234.75,04APR1984,01DEC2006,
120653,Director,M,220218.75,26JUL1979,01NOV1996,
120576,Director,M,204106.50,08AUG1989,01JUN2009,
120101,Director,M,220104.00,18AUG1991,01JUL2014,
120793,ETL Specialist I,M,58943.75,08AUG1984,01JUN2007,
120790,ETL Specialist II,F,67175.00,07DEC1989,01MAY2006,
120211,Electrician I,M,36801.00,16NOV1964,01JAN2014,
120433,Electrician I,M,34225.00,11OCT1999,01JUL2017,
120826,Electrician I,M,35775.00,16AUG2003,01AUG2017,
120900,Electrician I,F,33306.25,15MAY1974,01DEC1999,
121013,Electrician II,M,36011.25,28APR1994,01APR2011,
120120,Electrician II,F,37320.75,05MAY1959,01JAN1985,
120524,Electrician II,F,36531.00,04NOV1999,01AUG2015,
120347,Electrician III,F,39069.00,10SEP1994,01JUL2016,
120291,Electrician III,F,38265.75,12JUN2001,01OCT2017,
120432,Electrician III,M,34668.75,13JUL2001,01MAY2017,
120899,Electrician III,F,35431.25,08JAN1984,01APR2008,
121014,Electrician III,F,38488.50,01MAY1989,01AUG2010,
120119,Electrician IV,M,37818.75,21DEC1984,01JAN2009,
120429,Engineering Manager,M,45300.00,13APR1999,01APR2016,
120716,Events Manager,M,71570.25,24JUL1989,01AUG2004,
120751,Finance Manager,M,72750.00,05APR1979,01AUG1999,
120264,Financial Analyst II,F,46887.50,23JAN1999,01DEC2017,
120263,Financial Analyst III,M,53256.25,10FEB1979,01OCT1994,31DEC2014
120747,Financial Controller I,F,58846.50,20JUN1989,01AUG2006,
120753,Financial Controller II,M,63450.00,15JUN1991,01AUG2005,
120765,Financial Controller III,F,70132.50,17DEC1969,01JAN1985,
120760,Financial Controller III,F,66843.75,06JAN1984,01MAY2004,
120756,Financial Controller III,F,70598.25,20FEB1989,01JUL2007,
120775,HR Analyst II,F,56133.00,11FEB1984,01NOV2007,
120779,HR Analyst II,F,58981.50,04OCT1991,01MAR2008,
120772,HR Generalist I,M,36942.75,08APR2003,01AUG2017,
120773,HR Generalist II,F,36949.50,22FEB1974,01APR1992,
120776,HR Generalist III,M,40725.00,21SEP1994,01APR2012,
120780,HR Manager,F,78743.75,01SEP1984,01OCT2002,
120777,HR Specialist I,M,55289.25,26MAR1984,01MAY2005,
120778,HR Specialist I,F,54562.50,08DEC1969,01FEB1995,
120774,HR Specialist II,F,56443.75,17SEP1993,01MAR2013,31OCT2016
120807,IS Administrator I,F,54156.25,14DEC1974,01JAN1993,31AUG2015
120806,IS Administrator II,F,59106.25,25FEB1989,01FEB2003,
120804,IS Administrator III,M,74790.00,11FEB1959,01JAN1985,
120810,IS Architect III,M,78806.25,04OCT1969,01MAR1991,
120800,IS Director,M,108283.50,20DEC1989,01JUN2008,31JAN2014
120657,Logistics Coordinator I,F,48748.50,07JAN1979,01NOV2001,
120658,Logistics Coordinator II,M,57354.75,20DEC1969,01FEB1992,
120656,Logistics Coordinator II,F,57469.50,28JAN1989,01MAR2010,
120660,Logistics Manager,M,76406.25,06JUN1993,01MAR2016,
120666,Logistics Manager,M,80693.75,22JUN1984,01DEC2002,30APR2015
120726,Marketing Assistant I,F,36963.00,01JUL2003,01SEP2017,
120715,Marketing Assistant II,F,38522.25,12JUN1994,01FEB2016,
120721,Marketing Assistant II,F,37337.50,21OCT1959,01JAN1985,
120717,Marketing Assistant II,M,40709.25,09JAN1969,01AUG1992,
120718,Marketing Assistant II,M,39406.50,08JUL1979,01MAY2001,
120725,Marketing Assistant II,M,40459.50,24OCT1994,01JUN2015,31DEC2015
120713,Marketing Assistant III,M,42700.50,23FEB1959,01JAN1985,
120727,Marketing Assistant IV,M,47148.75,25JUN1979,01JUN1997,
120712,Marketing Manager,F,79550.00,12JUN1964,01JAN1985,
120714,Marketing Manager,M,84543.75,04APR1991,01SEP2009,
120724,Marketing Manager,M,79631.25,27JAN1979,01APR2003,
120994,Office Administrator I,F,39556.25,16JUN1989,01NOV2005,
120995,Office Administrator II,F,43562.50,13JUN1999,01AUG2017,
120883,Office Assistant I,M,32612.50,18FEB1994,01APR2015,30SEP2016
120418,Office Assistant I,M,32131.25,02AUG2003,01NOV2017,
120417,Office Assistant I,M,34897.50,11FEB1984,01DEC2006,30SEP2016
120992,Office Assistant I,F,36369.00,17FEB1994,01AUG2011,
120993,Office Assistant I,F,32825.00,18DEC1984,01MAR2008,
120199,Office Assistant I,F,35640.00,07JAN1964,01JAN2014,
120884,Office Assistant I,M,36726.75,18AUG1994,01JUL2015,
120817,Office Assistant I,M,35518.50,21DEC1969,01AUG1992,
120332,Office Assistant I,M,31337.50,05OCT1984,01DEC2005,
120579,Office Assistant I,M,33912.00,20NOV1974,01JAN1990,
120580,Office Assistant I,F,36524.25,04APR1994,01JUL2017,
120416,Office Assistant II,F,35625.00,08JAN1974,01OCT1996,31MAR2015
120419,Office Assistant II,M,33418.75,21MAR2003,01AUG2017,
120200,Office Assistant II,F,35309.25,02AUG1974,01JAN2014,
120333,Office Assistant II,M,35545.50,06JUL1989,01SEP2007,
120514,Office Assistant II,M,38029.50,20JAN1959,01JAN1985,
120749,Office Assistant II,M,33181.25,20SEP1989,01OCT2007,
120818,Office Assistant II,M,34725.00,04FEB1959,01JAN1985,
120281,Office Assistant II,F,33256.25,18FEB1969,01JAN1992,
120106,Office Assistant II,M,36396.00,23DEC1959,01JAN1985,
120799,Office Assistant III,M,36337.50,23MAR1994,01NOV2009,
120107,Office Assistant III,F,41141.25,21JAN1964,01FEB1985,
120515,Office Assistant III,M,40689.00,17AUG1994,01NOV2014,
120667,Office Assistant III,M,40473.00,21JUN1994,01FEB2017,
120996,Office Assistant IV,M,44205.75,21JUL1989,01SEP2013,
120885,Office Assistant IV,M,43524.00,14JUL1969,01JAN1985,
120663,Pricing Manager,F,70481.25,26MAR1984,01MAR2008,
120664,Pricing Specialist,M,59506.25,18FEB1969,01MAY1986,
120814,Project Manager,M,73925.00,03JUN1974,01SEP1990,
120738,Purchasing Agent I,F,37531.25,06JUL1964,01JAN1985,
120733,Purchasing Agent I,M,42876.00,03APR1979,01NOV2001,
120729,Purchasing Agent I,F,39368.75,03APR2003,25APR2014,23SEP2016
120742,Purchasing Agent I,M,41877.00,04FEB1959,01JAN1985,
120730,Purchasing Agent I,M,37743.75,16DEC1979,01OCT1999,
120745,Purchasing Agent I,F,39206.25,05JUL2001,01JUN2017,
120744,Purchasing Agent II,F,41862.50,19JUN2003,01JUL2015,30OCT2016
120743,Purchasing Agent II,F,46737.00,01FEB1984,01JUN2008,
120740,Purchasing Agent II,F,43887.50,19OCT1964,01JAN1985,31AUG2014
120731,Purchasing Agent II,M,46102.50,15MAR1974,01SEP1994,
120728,Purchasing Agent II,F,43837.50,04DEC1969,01JAN1993,
120734,Purchasing Agent III,M,46264.50,26APR1994,01MAR2017,
120732,Purchasing Agent III,M,44837.50,14AUG1964,01JAN1985,
120739,Purchasing Agent III,M,49909.50,07AUG2001,01MAY2017,
120741,Purchasing Agent III,F,45456.25,28NOV1959,01JAN1985,
120737,Purchasing Manager,F,79506.25,28MAR1974,01NOV1999,
120736,Purchasing Manager,F,79981.25,27NOV1979,01OCT2002,
120735,Purchasing Manager,F,77481.25,13JUN1969,01MAY1989,
120781,Recruiter I,F,40775.00,23JAN2003,01DEC2015,31DEC2016
120784,Recruiter II,F,44643.75,24APR1994,01SEP2015,
120783,Recruiter III,M,58016.25,20DEC1989,01JAN2007,
120782,Recruitment Manager,F,79893.75,29NOV1989,01JUN2010,
121145,Sales Manager,M,105325.00,22NOV1964,01APR1987,
120102,Sales Manager,M,146144.25,11AUG1984,01JUN2000,
120991,Sales Manager,M,110038.50,12JUL1989,01APR2005,
120103,Sales Manager,M,109968.75,22JAN1964,01JAN1985,
120881,Sales Manager,M,103600.00,01JUN1984,01AUG2007,
120511,Sales Manager,F,109418.75,24MAY1959,01JAN1985,
120258,Sales Manager,M,104131.25,22JUN1969,01JAN2014,
120413,Sales Manager,M,113784.75,14DEC1984,01JUN2010,
120577,Sales Manager,F,109201.50,18MAR1989,01JUL2004,
121144,Sales Manager,F,104381.25,28JUN1979,01NOV2002,
120654,Sales Manager,F,108634.50,14JAN1993,01NOV2011,
120330,Sales Manager,M,109687.50,24OCT1991,01JUL2013,
120512,Sales Manager,F,107568.75,25FEB1979,01DEC2003,
120545,Sales Rep. I,F,41121.00,16SEP1989,01JAN2010,30APR2015
121073,Sales Rep. I,M,36585.00,15MAY1964,01JAN1985,
120551,Sales Rep. I,M,33898.50,18MAR1994,01AUG2011,
121092,Sales Rep. I,F,34668.00,08MAR1989,01AUG2013,
121078,Sales Rep. I,M,34356.25,01MAY1964,01NOV1989,
120946,Sales Rep. I,M,36018.00,03NOV1989,01NOV2004,30JUN2016
120152,Sales Rep. I,M,33143.75,01MAY1994,01APR2016,
120835,Sales Rep. I,F,34350.00,10MAR1974,01MAY1990,31AUG2014
120465,Sales Rep. I,M,31306.25,23FEB1994,01MAY2014,
120938,Sales Rep. I,F,32831.25,17JAN1994,01AUG2017,01FEB2018
120508,Sales Rep. I,F,36814.50,01OCT1974,01OCT1992,31MAY2017
120146,Sales Rep. I,M,32481.25,02OCT1974,01AUG1991,30SEP2016
120837,Sales Rep. I,M,32725.00,02NOV1989,01OCT2004,
121046,Sales Rep. I,M,34890.75,07SEP1999,01JUL2017,01JAN2018
120553,Sales Rep. I,M,26043.75,21FEB1969,01SEP1991,
121109,Sales Rep. I,M,35147.25,05NOV1984,01MAY2001,
120472,Sales Rep. I,M,31262.50,03JAN1989,01JUN2003,
120556,Sales Rep. I,M,32600.00,13JUL1974,01OCT1999,
120906,Sales Rep. I,M,31318.75,06MAY1959,01JAN1985,
121028,Sales Rep. I,M,35889.75,27APR2003,01NOV2017,
120945,Sales Rep. I,F,34296.75,21APR1979,01JUL2004,
120951,Sales Rep. I,F,33762.50,24FEB1959,01JAN1985,
120471,Sales Rep. I,M,36396.00,20MAR1969,01MAY1991,
121080,Sales Rep. I,M,40293.75,24JAN1974,01SEP1998,
120843,Sales Rep. I,M,34641.00,21DEC1984,01DEC2009,
120959,Sales Rep. I,M,33968.75,05JUL1999,01MAY2015,
120329,Sales Rep. I,M,35052.75,14APR1969,01JUL1990,30JUN2016
120919,Sales Rep. I,M,35829.00,01JUL1999,01JUN2017,
120557,Sales Rep. I,M,36335.25,06DEC1979,01NOV1996,28FEB2014
120558,Sales Rep. I,M,34303.50,28APR1994,01MAR2016,
120935,Sales Rep. I,F,35619.75,10OCT1969,01JAN1990,
120156,Sales Rep. I,F,33056.25,01SEP2003,01MAR2017,
120153,Sales Rep. I,F,34075.00,07MAY1994,01JAN2009,31JAN2017
120941,Sales Rep. I,M,35268.75,19FEB1974,01JAN1990,30JUN2016
120841,Sales Rep. I,F,28381.25,24NOV1979,01APR1994,30APR2014
120550,Sales Rep. I,F,32612.50,01NOV2003,01MAR2017,
120549,Sales Rep. I,F,35343.00,21JUN1974,01JUN1996,30SEP2014
120509,Sales Rep. I,M,35565.75,02MAR1969,01JAN1985,31JUL2016
120548,Sales Rep. I,F,31312.50,23MAR2003,01AUG2017,
120547,Sales Rep. I,M,36618.75,28MAY1979,01AUG2004,
120322,Sales Rep. I,M,34506.00,24MAY1989,01NOV2011,
120544,Sales Rep. I,M,42406.25,22DEC2003,01AUG2015,
120310,Sales Rep. I,F,34418.25,18NOV1959,01JAN1985,31MAR2017
121048,Sales Rep. I,F,35856.00,24JUN1999,01SEP2017,01MAR2018
120474,Sales Rep. I,F,32812.50,28SEP1999,01NOV2015,
120953,Sales Rep. I,M,34701.75,19AUG1974,01NOV1991,
120481,Sales Rep. I,M,33275.00,28JUL1979,01JUN2005,
120507,Sales Rep. I,M,34823.25,02FEB1979,01APR1995,
121079,Sales Rep. I,M,34789.50,03JUN1989,01NOV2008,
120851,Sales Rep. I,M,35923.50,08MAY2001,01NOV2016,01MAY2017
120297,Sales Rep. I,M,35957.25,10JUN1979,01SEP1998,
120529,Sales Rep. I,F,36490.50,20OCT1964,01APR1985,
120956,Sales Rep. I,M,36153.00,08JUN1984,01JAN2000,30JUN2014
120543,Sales Rep. I,M,36423.00,11FEB1959,01JAN1985,31DEC2014
120937,Sales Rep. I,M,34303.50,12DEC2003,01JAN2018,
121086,Sales Rep. I,M,33525.00,16DEC1959,01JAN1985,
120853,Sales Rep. I,F,35970.75,07JAN1959,01JAN1985,
120944,Sales Rep. I,F,35923.50,11AUG1964,01JAN1985,
120846,Sales Rep. I,F,31337.50,12AUG1979,01MAY2004,30SEP2015
121029,Sales Rep. I,M,34031.25,22DEC1979,01DEC2000,
120940,Sales Rep. I,M,33162.50,18APR1999,01JUN2014,01DEC2015
120928,Sales Rep. I,M,33375.00,17MAR2001,01JUL2017,
121136,Sales Rep. I,F,34325.00,15JUL1989,01DEC2013,30SEP2015
120925,Sales Rep. I,M,34331.25,19FEB1974,01DEC1992,
120920,Sales Rep. I,M,31893.75,26OCT1999,01MAR2015,
120302,Sales Rep. I,F,32725.00,03MAY1979,01DEC1994,
120600,Sales Rep. I,M,40236.75,14MAY1974,01APR1989,
120478,Sales Rep. I,F,31950.00,16SEP1979,01JUN2005,
120902,Sales Rep. I,M,32287.50,25DEC2001,01JUL2017,
120212,Sales Rep. I,M,36072.00,06APR1974,01JAN2014,31AUG2017
121030,Sales Rep. I,M,33431.25,12NOV1994,01FEB2012,
120124,Sales Rep. I,M,35748.00,13MAY1974,01MAR1990,
120494,Sales Rep. I,F,36517.50,25MAR1979,01JAN2001,
120493,Sales Rep. I,M,31550.00,20MAR1969,01FEB1990,
120490,Sales Rep. I,F,37023.75,22FEB1974,01JUL1989,
120489,Sales Rep. I,M,36220.50,17JUL1989,01SEP2012,
120488,Sales Rep. I,F,36922.50,23APR1989,01APR2006,31DEC2015
120916,Sales Rep. I,F,35768.25,21AUG2001,01MAY2017,30SEP2017
120845,Sales Rep. I,F,32318.75,06FEB1984,01OCT2001,
120856,Sales Rep. I,M,38543.75,25OCT1999,01MAY2017,
120834,Sales Rep. I,F,34053.75,10FEB2003,01JUL2017,
120352,Sales Rep. I,F,34411.50,19APR1999,01FEB2018,
121108,Sales Rep. I,F,35005.50,04JUL2003,01NOV2017,01MAY2018
120868,Sales Rep. I,F,33037.50,03DEC2003,01OCT2017,
120223,Sales Rep. I,M,36807.75,21APR2003,01MAY2017,
120225,Sales Rep. I,F,34074.00,26JUN2003,01JAN2018,
120860,Sales Rep. I,F,34506.00,14MAY1994,01AUG2011,
120877,Sales Rep. I,M,33350.00,25MAY1964,01JAN1985,
120852,Sales Rep. I,M,33793.75,11SEP1994,01MAY2012,
121088,Sales Rep. I,M,34050.00,10JUN2003,01JAN2018,
120844,Sales Rep. I,M,32368.75,20SEP1994,01SEP2016,
120842,Sales Rep. I,M,36173.25,04JUL1964,01AUG1989,
120839,Sales Rep. I,M,34317.00,12MAY1984,01JAN2003,
120123,Sales Rep. I,F,35356.50,28SEP1979,01OCT1996,31JAN2016
120366,Sales Rep. I,F,36375.75,26AUG1959,01JAN1985,30SEP2015
120635,Sales Rep. I,F,33818.75,16JUL1989,01SEP2010,
120160,Sales Rep. I,M,33893.75,09SEP1969,01OCT1985,
120827,Sales Rep. I,M,34242.75,22FEB1979,01MAR1999,
121138,Sales Rep. I,M,36807.75,28FEB1964,01JAN1985,
121084,Sales Rep. I,M,28387.50,16AUG1979,01JAN2002,
121102,Sales Rep. I,F,36605.25,26JUN1994,01JUN2017,
120456,Sales Rep. I,M,34377.75,21JUN2001,01FEB2017,
120631,Sales Rep. I,F,34391.25,15JUL1959,01JAN1985,
120455,Sales Rep. I,F,35693.75,01FEB1959,01JAN1985,31JAN2015
120506,Sales Rep. I,F,32487.50,12APR1964,01JAN1985,
120450,Sales Rep. I,M,31581.25,21NOV1994,01MAY2015,
120218,Sales Rep. I,F,35950.50,22OCT1999,01APR2017,
120448,Sales Rep. I,F,32862.50,06NOV2003,01SEP2017,
121044,Sales Rep. I,M,34641.00,11DEC1969,01AUG1986,
120445,Sales Rep. I,F,32275.00,14MAR1969,01NOV1994,
120602,Sales Rep. I,F,35019.00,20JUL1974,01APR1991,
120444,Sales Rep. I,M,32681.25,19NOV1959,01JAN1985,
120353,Sales Rep. I,F,32800.00,12JAN1959,01JAN1985,
120149,Sales Rep. I,F,35626.50,21NOV1989,01JAN2004,
120440,Sales Rep. I,M,34156.25,10DEC1994,01OCT2017,
120934,Sales Rep. I,F,37071.00,23MAY1974,01FEB1991,30SEP2017
120167,Sales Rep. I,F,33999.75,04MAY1969,01FEB1985,31MAR2017
121094,Sales Rep. I,M,35849.25,07JAN1969,01SEP1989,
120437,Sales Rep. I,M,35363.25,27NOV1994,01DEC2017,
120436,Sales Rep. I,F,34290.00,17MAR1974,01APR1995,
121106,Sales Rep. I,M,34938.00,02FEB1984,01FEB2007,
121036,Sales Rep. I,F,32456.25,18JUL2003,01OCT2014,31OCT2016
121137,Sales Rep. I,M,33818.75,18JAN2003,01APR2017,
120305,Sales Rep. I,M,34075.00,01AUG1964,01FEB1990,
120986,Sales Rep. I,M,34075.00,26JUL1984,01JAN1999,31MAY2015
120434,Sales Rep. I,F,35876.25,25JUN1994,01JUN2017,
121103,Sales Rep. I,M,36801.00,28APR2003,01SEP2017,
120616,Sales Rep. I,M,33456.25,05JAN1994,01OCT2017,
121083,Sales Rep. I,F,34056.25,11MAR1974,01MAR1990,
120449,Sales Rep. I,F,36146.25,06NOV2001,01NOV2017,
121047,Sales Rep. I,F,32275.00,26NOV1994,01SEP2017,01MAR2018
121090,Sales Rep. I,F,35910.00,19JUN1969,01FEB1991,
120651,Sales Rep. I,F,33818.75,28JUL1994,01APR2012,
120321,Sales Rep. I,M,31562.50,14OCT2003,01MAY2017,01NOV2017
120619,Sales Rep. I,M,32631.25,09DEC1969,01JAN1985,
120140,Sales Rep. I,M,33712.50,03AUG2003,01OCT2017,
120931,Sales Rep. I,M,35991.00,17DEC1964,01APR1987,31OCT2015
120230,Sales Rep. I,M,36659.25,03JUN1984,01JAN2014,31DEC2015
120256,Sales Rep. I,M,36848.25,23JUN1964,01JAN2014,30SEP2016
120459,Sales Rep. I,F,32687.50,18FEB1964,01JAN1985,
120410,Sales Rep. I,F,33891.75,13FEB1979,01JUL1997,
121051,Sales Rep. I,F,32531.25,02MAY1964,01NOV1989,
120617,Sales Rep. I,M,32068.75,11OCT1979,01OCT1995,31JAN2016
120614,Sales Rep. I,F,36092.25,15APR1984,01MAR2005,28FEB2017
120227,Sales Rep. I,M,37104.75,28AUG2003,01FEB2017,
120138,Sales Rep. I,F,34823.25,11JUL1994,01JUL2017,
120176,Sales Rep. I,M,32618.75,09NOV2001,01NOV2017,
120175,Sales Rep. I,M,34755.75,18AUG2003,01OCT2017,
120360,Sales Rep. I,M,35538.75,25AUG1964,01JAN1985,31DEC2015
120612,Sales Rep. I,M,35397.00,15DEC2003,01JAN2018,
121064,Sales Rep. I,M,31387.50,28JAN1979,01SEP2002,
120215,Sales Rep. I,F,35910.00,09JUL1969,01JAN2014,30NOV2017
120130,Sales Rep. I,M,36389.25,14DEC1999,01MAY2017,
120486,Sales Rep. I,F,34283.25,20MAY1959,01JAN1985,
121058,Sales Rep. I,M,32837.50,12JUL1989,01OCT2013,
120954,Sales Rep. I,M,33618.75,09NOV1994,01JUL2017,
120542,Sales Rep. I,F,34262.50,20MAR2003,01MAR2017,
120574,Sales Rep. I,M,36234.00,16AUG1984,01DEC2000,
120393,Sales Rep. I,F,35943.75,07MAY1974,01NOV1999,
120136,Sales Rep. I,M,33256.25,16SEP1994,01FEB2014,
121038,Sales Rep. I,M,31606.25,13FEB2003,01AUG2017,01FEB2018
120301,Sales Rep. I,F,37137.50,15SEP1969,01MAR1994,
120484,Sales Rep. I,F,36753.75,26OCT1999,01OCT2017,
120540,Sales Rep. I,M,35889.75,03JAN1964,01JAN1985,
120242,Sales Rep. I,M,36267.75,23JUN1989,01JAN2014,
120609,Sales Rep. I,F,36301.50,11JAN2003,01MAR2017,
121057,Sales Rep. I,M,33918.75,26DEC1974,01DEC1991,
121023,Sales Rep. I,M,32512.50,13MAR1979,01MAY2000,31AUG2016
120387,Sales Rep. I,F,31331.25,19FEB1959,01JAN1985,
120214,Sales Rep. I,F,35140.50,08FEB1994,01OCT2017,
120385,Sales Rep. I,M,36267.75,09MAY1974,01APR1998,31MAR2014
121135,Sales Rep. I,F,36463.50,07JUN1969,01AUG1985,
120294,Sales Rep. I,F,33318.75,09SEP1969,01JUL1991,
120561,Sales Rep. I,M,31893.75,13JUL1989,01JUL2009,
120383,Sales Rep. I,M,31487.50,15MAY1979,01JUL2000,30APR2016
120966,Sales Rep. I,F,32018.75,20JAN1979,01SEP2004,
120241,Sales Rep. I,F,31787.50,19OCT1974,01JAN2014,30APR2015
120605,Sales Rep. I,F,36632.25,11JUN1964,01JAN1985,31MAR2017
120381,Sales Rep. I,M,36416.25,14JUN1979,01JUN2002,
121049,Sales Rep. I,F,33662.50,14FEB2001,01DEC2017,
121074,Sales Rep. I,M,36436.50,01MAR1974,01OCT1999,
120530,Sales Rep. I,F,34209.00,20NOV2001,11DEC2012,
121072,Sales Rep. I,M,32631.25,10JAN1994,01SEP2015,31OCT2016
120238,Sales Rep. I,M,33587.50,10FEB2003,01OCT2017,
120358,Sales Rep. I,M,33885.00,14JAN2001,01JAN2018,
120913,Sales Rep. I,F,33218.75,08NOV1984,01MAR2001,
120376,Sales Rep. I,F,33431.25,03APR1959,01JAN1985,
120375,Sales Rep. I,F,33817.50,02FEB1984,01APR2004,
120168,Sales Rep. I,F,34121.25,24MAR1999,01NOV2017,
120374,Sales Rep. I,F,31781.25,14APR1959,01JAN1985,
121093,Sales Rep. I,M,34262.50,18JUL1979,01JAN2005,30JUN2014
120535,Sales Rep. I,F,33068.75,07MAY1969,01JAN1994,
120173,Sales Rep. I,M,33393.75,23FEB1969,01JUN1988,31JUL2015
120131,Sales Rep. I,M,33637.50,25SEP1994,01JAN2014,
120927,Sales Rep. I,F,34787.50,24JUL1979,01FEB2000,30JUN2017
120236,Sales Rep. I,F,34343.75,28JAN1994,01JAN2014,
120318,Sales Rep. I,M,34062.50,11MAY1979,01MAR2002,
120162,Sales Rep. I,M,34018.75,05SEP2003,01FEB2017,
120369,Sales Rep. I,M,34031.25,17SEP1989,01JAN2008,
120637,Sales Rep. I,M,34965.00,11DEC2001,01APR2017,
120368,Sales Rep. I,M,33868.75,11JAN1984,01JAN2002,
120636,Sales Rep. I,M,35808.75,26JUL2001,01FEB2018,01AUG2018
120623,Sales Rep. I,F,36578.25,11SEP1979,01NOV1999,
120367,Sales Rep. I,F,31650.00,23MAR1979,01JUN1994,
120233,Sales Rep. I,F,32525.00,14DEC1969,01JAN2014,
120632,Sales Rep. I,M,32687.50,26JUL2001,01JUL2017,01JAN2018
120828,Sales Rep. I,M,35559.00,20MAY1999,01AUG2017,
120174,Sales Rep. I,F,33562.50,10JAN1959,01JAN1985,30OCT2016
120562,Sales Rep. I,F,35808.75,11NOV2003,01JUN2015,31JAN2016
120629,Sales Rep. I,M,32543.75,10JUL1999,01DEC2015,
120628,Sales Rep. I,F,33518.75,14FEB2003,01FEB2018,
120626,Sales Rep. I,F,29241.00,22AUG1974,01AUG1989,
120904,Sales Rep. I,F,31850.00,16DEC1964,01FEB1990,
120622,Sales Rep. I,M,33162.50,02JAN1979,01JUN1996,31MAR2014
120621,Sales Rep. I,F,32368.75,02OCT1969,01DEC1993,
120293,Sales Rep. I,M,36416.25,18MAY2003,01JAN2018,
121140,Sales Rep. I,M,32918.75,23JAN1994,01APR2012,31JAN2017
120597,Sales Rep. I,M,35019.00,26FEB1999,01APR2017,
121098,Sales Rep. I,M,34343.75,22MAR2003,01MAY2017,
120328,Sales Rep. I,F,34465.50,08MAY1969,01APR1988,
120355,Sales Rep. I,F,33262.50,28JUL1999,01FEB2017,
120165,Sales Rep. I,M,36517.50,19MAR1999,01MAR2017,
120859,Sales Rep. I,M,35052.75,09JAN1989,01DEC2003,
121096,Sales Rep. I,M,32918.75,18MAY1984,01MAY2006,
121101,Sales Rep. I,F,34276.50,28AUG2001,01NOV2017,
120226,Sales Rep. II,M,35231.25,11JAN2003,01NOV2017,
120163,Sales Rep. II,M,36092.25,22MAY1979,01JAN2002,
120603,Sales Rep. II,M,33031.25,05AUG1969,01DEC1992,
120601,Sales Rep. II,M,38583.00,26OCT1959,01JAN1985,31MAY2014
121100,Sales Rep. II,M,35168.75,27APR1964,01APR1987,
120466,Sales Rep. II,F,35268.75,16JUN1999,01MAR2017,
121097,Sales Rep. II,F,36220.50,23OCT1989,01OCT2006,
121095,Sales Rep. II,F,35012.50,14APR1984,01JUL2002,
120596,Sales Rep. II,F,35543.75,21DEC2001,01AUG2017,
121089,Sales Rep. II,M,37928.25,21AUG1969,01JUL1985,31OCT2017
121087,Sales Rep. II,F,35406.25,07DEC1989,01MAR2010,31MAR2017
120592,Sales Rep. II,M,36375.75,08FEB1999,01APR2017,
121076,Sales Rep. II,M,33356.25,09OCT1979,01JAN1994,31MAY2015
121068,Sales Rep. II,M,34437.50,02DEC1984,01SEP2003,
121066,Sales Rep. II,F,36787.50,23AUG1959,01JAN1985,31OCT2016
121056,Sales Rep. II,F,38238.75,05JUL1999,01MAY2014,
120213,Sales Rep. II,M,36868.50,16OCT1969,01JAN2014,
120575,Sales Rep. II,M,35633.25,24DEC2001,01AUG2017,
121050,Sales Rep. II,F,32600.00,12JAN2001,01DEC2017,
121045,Sales Rep. II,F,35700.00,13JUN1979,01JAN2005,
120554,Sales Rep. II,M,35856.00,09SEP1964,01SEP1990,
121039,Sales Rep. II,M,37071.00,03JUN1969,01MAY1991,
121034,Sales Rep. II,M,33887.50,23AUG2003,01JAN2018,
121024,Sales Rep. II,M,35910.00,21SEP1999,01MAY2015,
120923,Sales Rep. II,M,35181.25,15JAN1964,01JAN1985,
120552,Sales Rep. II,M,34287.50,22MAR2003,01OCT2017,
120157,Sales Rep. II,M,34825.00,21FEB2001,01DEC2017,
120126,Sales Rep. II,M,33475.00,20SEP2003,01AUG2017,
120525,Sales Rep. II,F,35150.00,11JUL2003,02AUG2014,
120324,Sales Rep. II,F,38583.00,15FEB2001,01NOV2017,
120323,Sales Rep. II,F,37773.00,23JUL1999,01JUL2015,
121018,Sales Rep. II,F,34450.00,03JAN1959,01JAN1985,30APR2014
120127,Sales Rep. II,F,37935.00,04JAN1994,01NOV2009,
121059,Sales Rep. II,F,34281.25,25OCT1974,01APR1992,31DEC2014
120539,Sales Rep. II,F,35637.50,11OCT1984,01JUN2005,31JAN2014
121075,Sales Rep. II,F,35493.75,23DEC1959,01JAN1985,
121025,Sales Rep. II,M,35368.75,10OCT1964,01SEP1986,
120534,Sales Rep. II,M,35572.50,06NOV2003,01OCT2017,
120532,Sales Rep. II,M,32612.50,18JUL1994,01NOV2013,
120961,Sales Rep. II,M,37509.75,27DEC2003,01DEC2017,
120528,Sales Rep. II,F,37509.75,08SEP1959,01JAN1985,31AUG2014
120526,Sales Rep. II,M,34550.00,25JUN1984,01OCT1998,
120950,Sales Rep. II,M,36180.00,05MAY1999,01JUL2016,01JAN2017
120312,Sales Rep. II,M,37320.75,16SEP2003,01APR2017,
120939,Sales Rep. II,M,34493.75,16FEB1989,01MAR2005,
120309,Sales Rep. II,M,36888.75,09SEP1964,01JAN1985,
120308,Sales Rep. II,F,37199.25,15APR1969,01SEP1993,31DEC2014
120933,Sales Rep. II,F,33593.75,14DEC1964,01APR1986,
120932,Sales Rep. II,M,38022.75,10NOV1979,01JUL1996,
121091,Sales Rep. II,M,36888.75,19FEB1984,01JAN2000,
120930,Sales Rep. II,F,34275.00,14DEC1974,01MAY2000,31JUL2014
120479,Sales Rep. II,M,37455.75,20MAR1999,01JUN2016,
120922,Sales Rep. II,F,37975.50,07JAN1979,01JUN2004,
120918,Sales Rep. II,M,34537.50,08AUG1979,01MAR1996,
120151,Sales Rep. II,F,33150.00,21NOV1959,01JAN1985,
120917,Sales Rep. II,F,36132.75,14AUG1989,01JUL2005,
120303,Sales Rep. II,M,38549.25,12JUN1964,01FEB1985,31MAY2017
120907,Sales Rep. II,M,35000.00,19JUL1979,01MAR1997,
120905,Sales Rep. II,M,33018.75,08OCT1969,01FEB1990,
120901,Sales Rep. II,F,35856.00,11APR1969,01OCT1994,
120216,Sales Rep. II,M,37712.25,23MAR1979,01JAN2014,
120299,Sales Rep. II,M,35687.25,24OCT1959,01JAN1985,31MAY2017
121027,Sales Rep. II,M,35322.75,05MAY1979,01DEC2000,
120298,Sales Rep. II,M,33018.75,11MAR1999,01DEC2017,
120314,Sales Rep. II,F,34800.00,27SEP1974,01MAR1990,31OCT2016
120492,Sales Rep. II,M,33343.75,07APR1989,01OCT2013,
120295,Sales Rep. II,F,33962.50,01OCT1984,01APR2004,
120491,Sales Rep. II,M,35910.00,06DEC1999,01SEP2017,
121035,Sales Rep. II,M,33075.00,25MAR1959,01JAN1985,
120878,Sales Rep. II,M,37179.00,05MAR1979,01JUN2004,
120487,Sales Rep. II,F,44604.00,07JUN2003,01APR2017,
120222,Sales Rep. II,M,36558.00,04NOV1979,01JAN2014,
120863,Sales Rep. II,F,37786.50,23NOV1984,01JUL2010,
120480,Sales Rep. II,F,35822.25,17JAN2003,01SEP2017,
120858,Sales Rep. II,F,35538.75,06DEC1994,01JAN2015,
120147,Sales Rep. II,F,33225.00,19JAN2003,01OCT2017,
120857,Sales Rep. II,M,34368.75,16AUG2003,07SEP2014,06APR2017
120477,Sales Rep. II,M,35228.25,23JUL1974,01OCT1988,
120854,Sales Rep. II,M,38198.25,25JUN1974,01JUN1999,
120476,Sales Rep. II,M,38238.75,21NOV1969,01FEB1991,
120475,Sales Rep. II,F,36956.25,04MAR2001,01DEC2017,
120473,Sales Rep. II,M,33975.00,19SEP1964,01JAN1985,
120847,Sales Rep. II,F,38603.25,17DEC1974,01JAN1997,
120866,Sales Rep. II,M,36517.50,12NOV1959,01JAN1985,
120840,Sales Rep. II,M,35200.00,16NOV1959,01JAN1985,
120443,Sales Rep. II,M,33506.25,20JUL2003,01DEC2017,
120838,Sales Rep. II,F,33712.50,23NOV1974,01NOV1996,
120468,Sales Rep. II,M,35450.00,13MAY1989,01APR2007,
120832,Sales Rep. II,F,35943.75,11JAN1989,01SEP2007,
120830,Sales Rep. II,M,34981.25,06MAY1974,01SEP1994,
120464,Sales Rep. II,M,36726.75,12OCT1994,01MAY2010,
120122,Sales Rep. II,F,34343.75,27JUL1969,01JUL1989,
120462,Sales Rep. II,M,38583.00,09APR1964,01JAN1985,
120145,Sales Rep. II,M,32575.00,22JAN1979,01JUN1996,
121041,Sales Rep. II,F,35262.00,04FEB1959,01JAN1985,
120460,Sales Rep. II,M,37854.00,09JAN1974,01JAN1993,
120458,Sales Rep. II,F,37098.00,21DEC1969,01SEP1989,
120955,Sales Rep. II,M,38380.50,05JUN1994,01MAY2017,
120454,Sales Rep. II,M,37489.50,20AUG1969,01DEC1988,
120452,Sales Rep. II,M,34137.50,23APR1999,01AUG2017,
121043,Sales Rep. II,F,38103.75,09NOV1984,01MAR2003,
120447,Sales Rep. II,F,34875.00,06AUG1974,01OCT1994,31AUG2016
120143,Sales Rep. II,M,36166.50,17MAY1974,01OCT1993,
121104,Sales Rep. II,F,38225.25,12NOV1979,01APR1997,31JAN2013
120121,Sales Rep. II,F,33250.00,02AUG1959,01JAN1985,
120441,Sales Rep. II,M,35187.75,03MAR2003,01JUL2017,
120217,Sales Rep. II,M,38110.50,24FEB1984,01JAN2014,
120438,Sales Rep. II,F,33168.75,28JAN1969,01JUL1985,
120141,Sales Rep. II,F,37077.75,12MAR2003,01MAY2017,
120911,Sales Rep. II,F,34500.00,28MAR1994,01MAR2012,28FEB2017
120962,Sales Rep. II,F,34950.00,07DEC2003,01MAR2017,
120180,Sales Rep. II,M,36409.50,27JUN1969,01DEC1989,
120354,Sales Rep. II,F,35559.00,19MAR2003,01NOV2017,
120139,Sales Rep. II,F,33512.50,18AUG2001,01SEP2017,
120178,Sales Rep. II,M,35322.75,23NOV1969,01APR1985,
120255,Sales Rep. II,F,34106.25,03AUG1979,01JAN2014,
120411,Sales Rep. II,M,37260.00,17JAN1969,01NOV1986,
121052,Sales Rep. II,M,33625.00,09JAN2001,01NOV2017,
120965,Sales Rep. II,F,36355.50,01OCT1979,01AUG2003,
120595,Sales Rep. II,F,35356.50,01NOV1999,01APR2017,
120611,Sales Rep. II,M,35896.50,09MAR2003,01MAY2017,
120250,Sales Rep. II,F,32518.75,15DEC1969,01JAN2014,
120610,Sales Rep. II,F,33625.00,16MAR1989,01AUG2014,
121063,Sales Rep. II,M,48586.50,27JUL1994,01AUG2016,
120249,Sales Rep. II,M,37496.25,25JAN1984,01JAN2014,
120248,Sales Rep. II,M,33500.00,17DEC1959,01JAN2014,30SEP2016
120228,Sales Rep. II,F,33125.00,06AUG1984,01JAN2014,30APR2015
120395,Sales Rep. II,M,36645.75,02DEC2001,01FEB2016,
120164,Sales Rep. II,F,34312.50,26NOV1974,01FEB1993,
120247,Sales Rep. II,M,33237.50,24DEC2003,01JUN2017,
120969,Sales Rep. II,M,33775.00,07JAN1989,01JUN2006,
120361,Sales Rep. II,F,36166.50,03FEB1959,01JAN1985,
120245,Sales Rep. II,M,37975.50,12JUL2003,01MAR2017,
120317,Sales Rep. II,M,38016.00,05JAN1994,01MAY2015,
120389,Sales Rep. II,M,33025.00,07APR1984,01JAN2005,
120244,Sales Rep. II,M,37989.00,06AUG1979,01JAN2014,
120243,Sales Rep. II,M,35725.00,23OCT1984,01JAN2014,30JUN2014
120220,Sales Rep. II,M,36942.75,19MAY1984,01JAN2014,
120386,Sales Rep. II,M,37111.50,13MAR1964,01JAN1985,
120171,Sales Rep. II,F,32756.25,19JUL1999,01SEP2017,
120320,Sales Rep. II,F,37449.00,06JAN1999,01MAR2013,30APR2015
120384,Sales Rep. II,M,32762.50,28APR1974,01NOV1994,
120382,Sales Rep. II,F,36544.50,19SEP1974,01MAR1990,
120313,Sales Rep. II,M,35410.50,26APR1959,01JAN1985,31DEC2015
120559,Sales Rep. II,F,36652.50,13JUN1959,01JAN1985,
120377,Sales Rep. II,M,35050.00,09DEC1999,01AUG2015,30SEP2016
120221,Sales Rep. II,F,36261.00,14MAY1979,01JAN2014,
120652,Sales Rep. II,M,36011.25,21FEB2003,01NOV2017,
120650,Sales Rep. II,F,32525.00,23OCT1959,01JAN1985,
120134,Sales Rep. II,M,35018.75,06JUN1964,01JAN1985,30JUN2017
120237,Sales Rep. II,F,35375.00,09APR2001,01NOV2017,
121069,Sales Rep. II,M,32743.75,19MAR1984,01OCT2001,
120372,Sales Rep. II,M,33543.75,03MAY1969,01JAN1985,31AUG2014
120133,Sales Rep. II,F,34300.00,22APR2001,01OCT2017,
120370,Sales Rep. II,F,34743.75,15JUN1999,01JAN2017,
120640,Sales Rep. II,M,37854.00,02DEC1959,01JAN1985,
120234,Sales Rep. II,F,33143.75,26JUN1964,01JAN2014,
120591,Sales Rep. II,M,32843.75,28MAR2001,01AUG2017,
120365,Sales Rep. II,F,35127.00,12JUN1974,01JAN1992,
120232,Sales Rep. II,F,34750.00,15NOV1959,01JAN2014,31JUL2016
120306,Sales Rep. II,F,35889.75,05JUN2001,01MAR2017,
120315,Sales Rep. II,F,37509.75,02APR1969,01FEB1987,
120362,Sales Rep. II,F,36153.00,06OCT2003,01DEC2017,
120231,Sales Rep. II,M,33837.50,08SEP1979,01JAN2014,
120624,Sales Rep. II,M,36659.25,08JUN1999,01SEP2017,
120963,Sales Rep. II,F,35275.50,15SEP1984,01JAN2002,
121139,Sales Rep. II,F,34625.00,19AUG1974,01JUL1998,
120359,Sales Rep. II,F,37199.25,25OCT1984,01NOV2003,
120618,Sales Rep. II,F,37901.25,23JAN1964,01JAN1988,
120229,Sales Rep. II,M,36699.75,23MAR1994,01JAN2014,
120351,Sales Rep. II,F,33787.50,06FEB1989,01DEC2008,
120357,Sales Rep. II,M,37860.75,17AUG1984,01JUL1999,
120224,Sales Rep. II,F,32937.50,21SEP1974,01JAN2014,30APR2015
120613,Sales Rep. II,M,35518.75,22MAY1959,01JAN1985,30SEP2017
120608,Sales Rep. III,M,41121.00,16NOV1994,01JUN2012,31JAN2015
120606,Sales Rep. III,F,37550.00,08AUG1974,01JUL1994,
120604,Sales Rep. III,F,41208.75,28DEC1984,01JUL2005,
121105,Sales Rep. III,F,39885.75,09MAY1994,01JAN2014,
120599,Sales Rep. III,F,36943.75,25OCT1959,01JAN1985,31AUG2017
120598,Sales Rep. III,F,40783.50,04JUN2001,01MAR2017,
120348,Sales Rep. III,M,35256.25,15JUL1959,01JAN1985,31JAN2014
120594,Sales Rep. III,M,38792.25,28JAN1999,01JUL2017,
120593,Sales Rep. III,F,36875.00,21AUG1964,01JAN1985,
121082,Sales Rep. III,M,35637.50,05JUL1964,01OCT1988,
121081,Sales Rep. III,F,40817.25,28MAR1964,01APR1987,
120161,Sales Rep. III,F,41559.75,07MAR2003,01OCT2017,
121077,Sales Rep. III,M,38589.75,05SEP1999,01OCT2017,
121065,Sales Rep. III,F,37854.00,05SEP1999,01APR2017,
121060,Sales Rep. III,F,38880.00,08JUN1959,01JAN1985,
120129,Sales Rep. III,M,40594.50,22NOV1979,01OCT1996,31MAR2014
121054,Sales Rep. III,M,37256.25,12NOV1969,01NOV1987,
121053,Sales Rep. III,F,40439.25,23SEP1959,01FEB1985,
120573,Sales Rep. III,M,36593.75,03DEC1969,01OCT1986,
121040,Sales Rep. III,F,36906.25,06JUL1974,01NOV1993,
120615,Sales Rep. III,M,36543.75,10MAY1974,01APR1999,
120158,Sales Rep. III,M,45756.25,14JUL1979,01JUL1998,31AUG2016
121031,Sales Rep. III,M,35075.00,09JUL1979,01AUG1996,
120563,Sales Rep. III,M,40392.00,23MAR1989,01JUN2009,
120560,Sales Rep. III,M,40493.25,22DEC2001,01JUN2017,
120555,Sales Rep. III,M,36700.00,13NOV1994,01DEC2014,
120546,Sales Rep. III,M,36193.75,05NOV1999,01JUL2015,
120985,Sales Rep. III,M,41053.50,04FEB1964,01MAR1988,31AUG2016
120541,Sales Rep. III,M,40851.00,13JUL1979,01OCT1998,
120155,Sales Rep. III,F,37487.50,22APR1999,01APR2017,
120319,Sales Rep. III,M,39609.00,01MAY1994,01JAN2012,
120538,Sales Rep. III,F,38630.25,09SEP1959,01JAN1985,
120537,Sales Rep. III,M,40311.00,08AUG1989,01JAN2012,
120536,Sales Rep. III,F,37850.00,19JUN1959,01JAN1985,31MAY2014
120154,Sales Rep. III,F,41161.50,20JUL1959,01JAN1985,
120533,Sales Rep. III,F,46650.00,17SEP1959,01JAN1985,30APR2015
120942,Sales Rep. III,M,39413.25,28JUL1959,01JAN1985,31MAY2017
120958,Sales Rep. III,M,37087.50,06MAY1989,01FEB2008,
120527,Sales Rep. III,F,37668.75,26NOV1979,01JUL1995,
120952,Sales Rep. III,M,35250.00,04OCT1959,01JAN1985,
120949,Sales Rep. III,M,38012.50,03JAN1959,01JAN1985,
120948,Sales Rep. III,M,37050.00,24MAR1959,01MAR1985,31AUG2015
120947,Sales Rep. III,F,38462.50,22MAR2003,01NOV2017,
120311,Sales Rep. III,M,35731.25,23JUN2001,01AUG2017,01FEB2018
120936,Sales Rep. III,M,38583.00,21JUL1964,01JUN1988,
120929,Sales Rep. III,F,36900.00,27FEB1964,01JAN1985,31DEC2014
120926,Sales Rep. III,M,36793.75,22NOV1974,01AUG1992,
120924,Sales Rep. III,M,36712.50,16APR1999,01JAN2018,
120921,Sales Rep. III,F,35187.50,01DEC1979,01MAY2000,31OCT2015
120304,Sales Rep. III,F,38913.75,20MAY2003,01AUG2017,
120915,Sales Rep. III,M,35412.50,08SEP1989,01JUL2010,
120914,Sales Rep. III,M,37400.00,03MAR1999,01JUL2017,01JAN2018
120910,Sales Rep. III,F,38387.25,18DEC1969,01DEC1985,
120909,Sales Rep. III,F,36306.25,07SEP2001,01FEB2015,01AUG2016
120150,Sales Rep. III,M,37456.25,09JUL1969,01AUG1993,30APR2015
120903,Sales Rep. III,F,41073.75,02FEB1969,01APR1989,
120300,Sales Rep. III,F,37256.25,06NOV1959,01JAN1985,
121033,Sales Rep. III,F,37218.75,06NOV2001,01JUN2015,
120495,Sales Rep. III,M,35225.00,16AUG1989,01DEC2013,31AUG2015
120198,Sales Rep. III,F,37833.75,21JAN2003,01DEC2017,
120296,Sales Rep. III,M,41323.50,26APR2003,01OCT2017,
121037,Sales Rep. III,M,35387.50,12JUN1989,01MAR2013,
120148,Sales Rep. III,M,38448.00,13SEP1964,01JUN1989,
120485,Sales Rep. III,M,39811.50,04DEC1964,01NOV1990,
120292,Sales Rep. III,M,41107.50,20MAY1989,01APR2010,30NOV2016
120867,Sales Rep. III,F,39879.00,17MAY1994,01JUL2010,
120482,Sales Rep. III,F,37256.25,10APR1969,01APR1989,
120864,Sales Rep. III,F,38421.00,18NOV1964,01JAN1987,
120862,Sales Rep. III,M,39831.75,26JUN1989,01OCT2009,31MAY2014
120850,Sales Rep. III,F,42575.00,20SEP1989,01SEP2011,
120848,Sales Rep. III,M,38697.75,03JAN1969,01JAN1985,
120470,Sales Rep. III,M,37962.00,23MAR1984,01MAY2005,
120469,Sales Rep. III,F,35231.25,12SEP1994,01OCT2010,
120467,Sales Rep. III,M,37955.25,10FEB1959,01JAN1985,
120833,Sales Rep. III,F,42221.25,19MAR1984,01SEP2008,
120831,Sales Rep. III,M,35456.25,19FEB2001,01JUN2017,
120829,Sales Rep. III,M,40392.00,26JUN1959,01JAN1985,
120463,Sales Rep. III,M,38218.50,14APR1989,01JAN2015,
120461,Sales Rep. III,M,41019.75,28MAY1979,01NOV1994,
120483,Sales Rep. III,M,38380.50,25APR1964,01JAN1985,
120144,Sales Rep. III,M,40857.75,07MAR2001,01OCT2017,
120453,Sales Rep. III,F,38275.00,26APR1984,01MAR2003,
121042,Sales Rep. III,M,38940.75,04APR1994,01NOV2010,
120451,Sales Rep. III,F,37989.00,16NOV1989,01NOV2008,
120446,Sales Rep. III,M,37075.00,23SEP1959,01JAN1985,
120142,Sales Rep. III,M,37118.75,14JUN2001,01JUL2017,
120439,Sales Rep. III,M,35737.50,07JAN1974,01JUL1996,
120435,Sales Rep. III,F,35850.00,28DEC1969,01FEB1992,
120179,Sales Rep. III,M,35637.50,15MAR1989,01JAN2015,31AUG2015
120409,Sales Rep. III,F,35575.00,26OCT1994,01MAR2016,
120177,Sales Rep. III,F,38805.75,05APR1994,01FEB2009,
121055,Sales Rep. III,M,37731.25,08JAN2003,01AUG2017,
121061,Sales Rep. III,M,37268.75,16JUL1969,01JUL1995,
120137,Sales Rep. III,F,40115.25,12MAR1994,01MAR2017,
120394,Sales Rep. III,M,37793.75,03FEB1989,01OCT2005,
120391,Sales Rep. III,F,39750.75,27MAY1999,01SEP2013,
120390,Sales Rep. III,M,38100.00,12SEP2001,01NOV2015,
120172,Sales Rep. III,M,38265.75,01APR1959,01JAN1985,
120388,Sales Rep. III,M,38657.25,08FEB1974,01NOV1992,
120170,Sales Rep. III,M,38920.50,25FEB1989,01OCT2003,31OCT2017
120240,Sales Rep. III,F,37156.25,21MAR1979,01JAN2014,
120379,Sales Rep. III,M,41229.00,21OCT1964,01FEB1986,
120239,Sales Rep. III,M,40095.00,28OCT1974,01JAN2014,
120378,Sales Rep. III,F,35168.75,14FEB1984,01DEC2005,
120169,Sales Rep. III,M,35168.75,02JAN1999,01MAY2017,
121070,Sales Rep. III,F,39669.75,04NOV1999,01FEB2017,
120235,Sales Rep. III,F,38237.50,15JAN2001,01NOV2017,
120639,Sales Rep. III,F,38380.50,18NOV1984,01SEP2001,
120638,Sales Rep. III,M,39129.75,02JUN2003,01JAN2018,
120634,Sales Rep. III,M,35143.75,11APR1979,01FEB2001,
120633,Sales Rep. III,M,40932.00,26AUG1959,01JAN1985,
121071,Sales Rep. III,M,35781.25,10SEP1974,01SEP1988,
120132,Sales Rep. III,F,38508.75,05APR1964,01OCT1989,
120620,Sales Rep. III,M,36806.25,15MAR1974,01DEC1988,
120349,Sales Rep. III,M,41188.50,24OCT1959,01JAN1985,
121107,Sales Rep. IV,F,42363.00,24APR2001,01JUL2017,
120350,Sales Rep. IV,M,40962.50,11JUN1959,01JAN1985,
121099,Sales Rep. IV,M,40906.25,19MAR1994,01MAY2011,
121085,Sales Rep. IV,M,43517.25,12NOV2001,01JAN2018,
121067,Sales Rep. IV,F,43017.75,18JAN2001,01MAR2017,01SEP2017
121062,Sales Rep. IV,F,37881.25,28OCT1999,01AUG2017,
120219,Sales Rep. IV,F,43834.50,01MAR1979,01JAN2014,
120159,Sales Rep. IV,F,41532.75,24FEB1979,01JUL1997,
121032,Sales Rep. IV,M,42302.25,24FEB2003,01MAR2017,
121026,Sales Rep. IV,M,39393.75,08NOV2001,01APR2017,
121022,Sales Rep. IV,M,43483.50,28OCT1994,01FEB2013,31AUG2015
121021,Sales Rep. IV,F,41231.25,10DEC1989,01MAR2005,
121020,Sales Rep. IV,F,42862.50,23FEB1999,01MAY2013,
121019,Sales Rep. IV,M,42282.00,25JUN2001,01JUN2015,31JUL2016
120128,Sales Rep. IV,F,38612.50,14JUL2001,01NOV2017,
120987,Sales Rep. IV,M,44246.25,21MAR2003,01MAR2017,
120984,Sales Rep. IV,F,41013.00,04MAY1959,01JAN1985,31MAR2015
120968,Sales Rep. IV,F,43841.25,17NOV1974,01DEC1997,
120967,Sales Rep. IV,F,44205.75,24JUL2001,01OCT2017,
120316,Sales Rep. IV,F,42518.25,16APR1974,01AUG1994,
120964,Sales Rep. IV,F,40206.25,12FEB1999,01MAY2014,31JUL2016
120531,Sales Rep. IV,M,39900.00,04APR1984,01FEB2008,
120960,Sales Rep. IV,F,38268.75,22JAN1984,01OCT2000,
120957,Sales Rep. IV,M,41958.00,03APR2001,01MAY2017,
120943,Sales Rep. IV,F,38312.50,01MAR1984,01APR2002,
120307,Sales Rep. IV,F,37712.50,13NOV1979,01AUG1997,
120125,Sales Rep. IV,M,40050.00,06DEC1969,01MAR1990,31JUL2015
120912,Sales Rep. IV,F,41991.75,24AUG1984,01AUG2005,
120908,Sales Rep. IV,F,39518.75,13AUG1989,01AUG2014,
120879,Sales Rep. IV,F,50943.75,13SEP1974,01MAY1995,
120865,Sales Rep. IV,F,41262.75,01APR1959,01JAN1985,
120861,Sales Rep. IV,M,41532.75,15DEC1984,01JAN2003,
120855,Sales Rep. IV,F,41708.25,17APR1959,01JAN1985,
120849,Sales Rep. IV,M,42882.75,15AUG1994,01JUN2015,
120836,Sales Rep. IV,F,42545.25,07NOV1994,01JUL2012,
120607,Sales Rep. IV,M,41384.25,26AUG1974,01DEC1995,31AUG2015
120457,Sales Rep. IV,M,42855.75,08AUG1994,01NOV2012,
120442,Sales Rep. IV,F,52899.75,16DEC1984,01MAR1999,
120356,Sales Rep. IV,F,44118.00,26FEB1959,01JAN1985,30NOV2014
120396,Sales Rep. IV,M,42430.50,26NOV1959,01JAN1985,
120246,Sales Rep. IV,M,39556.25,18SEP1959,01JAN2014,
120392,Sales Rep. IV,M,37925.00,15JUL1984,01AUG2007,30SEP2014
120135,Sales Rep. IV,M,43861.50,26JAN1984,01OCT2008,30APR2015
120380,Sales Rep. IV,M,40093.75,03MAY1984,01NOV2007,28FEB2014
120373,Sales Rep. IV,M,42646.50,04NOV1969,01DEC1988,30APR2013
120371,Sales Rep. IV,M,41357.25,04APR1994,01JAN2014,
120166,Sales Rep. IV,M,38325.00,14JUN1959,01JAN1985,31AUG2017
120630,Sales Rep. IV,M,37687.50,10AUG1984,01FEB2002,
120364,Sales Rep. IV,F,40337.50,22FEB1974,01JUN1993,
120363,Sales Rep. IV,F,39506.25,11SEP1959,01JAN1985,31AUG2016
120627,Sales Rep. IV,M,40443.75,23AUG2001,01MAY2017,
120625,Sales Rep. IV,F,43220.25,23JUN1999,01NOV2017,
120105,Secretary I,F,33887.50,21DEC1989,01MAY2010,
120578,Secretary II,M,37314.00,08JUN1999,01AUG2017,
120990,Secretary II,M,38994.75,15OCT1974,01MAY1999,
120662,Secretary II,M,33806.25,25JUN2003,01NOV2017,
120655,Secretary II,F,37766.25,15NOV1994,01DEC2010,
121147,Secretary II,F,36431.25,28MAY1984,01SEP1998,
120334,Secretary III,F,37820.25,24JUL1994,01JAN2011,
120513,Secretary III,F,47358.00,28JUL1984,01FEB2009,
120882,Secretary III,M,36981.25,16SEP1974,01NOV1988,
120282,Secretary III,M,37393.75,06SEP2001,01APR2017,
120267,Secretary III,F,35731.25,02JUN2001,01FEB2014,
121146,Secretary III,F,36650.00,09DEC2001,01APR2017,
120266,Secretary IV,F,39687.50,01JUL1984,01APR2000,
120414,Secretary IV,M,39443.75,02AUG1974,01MAY1997,
120586,Security Guard I,F,33975.00,28MAR1969,01MAR1986,
120340,Security Guard I,F,34162.50,28FEB1994,01DEC2017,
121006,Security Guard I,M,32681.25,12OCT2001,01NOV2015,31OCT2016
121005,Security Guard I,M,33777.00,15JUL1999,01FEB2015,
120205,Security Guard I,M,41823.00,15MAR1974,01JAN2014,
120520,Security Guard I,F,32275.00,01MAR1984,01AUG2003,
120204,Security Guard I,M,31306.25,21APR2001,01NOV2017,
120112,Security Guard I,F,35842.50,17FEB1984,01JUL2001,
120891,Security Guard I,F,35552.25,25JAN2003,01MAY2017,
120821,Security Guard I,M,33700.00,11OCT1994,01JUN2017,
120585,Security Guard II,F,37847.25,01JAN1999,01APR2017,
120341,Security Guard II,M,35397.00,23JAN2001,01MAR2017,
121008,Security Guard II,M,37631.25,03JUL1984,01AUG2004,
121007,Security Guard II,M,36841.50,12OCT1979,01FEB1998,
120113,Security Guard II,F,33587.50,10MAY1959,01JAN1985,
120892,Security Guard II,F,36153.00,25JUL1974,01MAR1998,
120287,Security Guard II,M,34037.50,02JAN1964,01JAN1985,
120111,Security Guard II,M,36308.25,23JUL1964,01NOV1985,
120426,Security Guard II,F,47958.75,11NOV2001,01MAY2017,
120822,Security Guard III,F,36031.25,23OCT2001,01SEP2017,
120584,Security Manager,F,40443.75,25JUL1964,01JAN1985,
120339,Security Manager,M,39612.50,07DEC1959,01JAN1985,
121004,Security Manager,M,41708.25,03AUG1959,01JAN1985,
120114,Security Manager,F,39106.25,08FEB1959,01JAN1985,
120206,Security Manager,F,38331.25,16NOV1989,01JAN2014,
120519,Security Manager,F,40243.75,10AUG1994,01SEP2013,
120890,Security Manager,M,43902.00,18JUL2001,01JUN2017,
120286,Security Manager,M,41212.50,15MAY1994,01SEP2008,
120425,Security Manager,F,41235.75,12JUL1999,01APR2017,
120665,Senior Logistics Manager,F,108094.50,24OCT1989,01MAR2013,
120661,Senior Logistics Manager,F,106868.75,27NOV1969,01JAN1995,30JUN2014
120719,Senior Marketing Manager,F,109275.00,22JAN1984,01FEB2007,
120798,Senior Project Manager,F,100943.75,23JUN1974,01JAN1998,
120989,Senior Sales Manager,M,124341.75,27DEC1969,01JUL1987,
120415,Senior Sales Manager,M,123633.00,16FEB1989,01OCT2011,
121143,Senior Sales Manager,M,128371.50,26NOV1984,01JUL2008,
120268,Senior Strategist,M,95131.25,01SEP1989,01MAY2008,
121009,Service Administrator I,M,44489.25,04DEC1994,01AUG2010,
120816,Service Administrator I,F,38106.25,03MAY1984,01AUG2004,
120815,Service Administrator III,M,42646.50,27DEC2003,01APR2017,
120115,Service Assistant I,M,33125.00,08MAY1999,01AUG2016,
120343,Service Assistant I,F,34125.00,13JUN1959,01JAN1985,
120587,Service Assistant I,M,34025.00,20APR1964,01JUL1985,
120342,Service Assistant I,F,29481.25,10AUG1974,01AUG1996,31JAN2014
121011,Service Assistant I,M,32168.75,11MAR1959,01JAN1985,
121010,Service Assistant I,M,34013.25,14AUG1999,01MAR2017,
120209,Service Assistant I,F,36450.00,06JUL1984,01JAN2014,
120207,Service Assistant I,M,35113.50,27FEB1979,01JAN2014,
120522,Service Assistant I,F,37017.00,17FEB1994,01MAR2010,
120894,Service Assistant I,F,36328.50,07MAY1969,01MAY1988,31OCT2016
120893,Service Assistant I,M,33962.50,07MAR1999,01FEB2018,
120288,Service Assistant I,M,33956.25,28JAN1969,01FEB1987,
120823,Service Assistant I,M,33306.25,19MAY1994,01MAR2010,
120428,Service Assistant I,M,36693.00,02JAN2001,01JUN2017,
120588,Service Assistant II,M,39143.25,05FEB2003,01JUL2017,
121012,Service Assistant II,M,39926.25,26JAN2001,01SEP2014,30NOV2015
120521,Service Assistant II,F,47067.75,26MAR2003,01MAR2017,
120896,Service Assistant II,F,37077.75,28JAN1959,01JAN1985,
120289,Service Assistant II,F,39987.00,09DEC1984,01MAR2001,
120824,Service Assistant II,M,37152.00,27OCT1959,01JAN1985,
120427,Service Assistant II,M,38529.00,08OCT2003,01SEP2017,
120116,Service Assistant II,M,39487.50,13JUN1974,01FEB1991,
120344,Service Assistant III,F,39493.75,10JUL1984,01OCT2005,
120208,Service Assistant III,M,38575.00,15JUL1979,01JAN2014,
120895,Service Assistant III,F,38825.00,01APR1974,01OCT1988,
120669,Services Assistant IV,M,45462.50,23JUL1959,01JAN1985,
120668,Services Manager,M,59731.25,23OCT1964,01DEC1989,
120997,Shipping Administrator I,F,34275.00,21NOV1989,01SEP2007,
120702,Shipping Agent I,M,32162.50,24APR1989,01NOV2012,
120693,Shipping Agent I,M,33281.25,02MAY1974,01JUN1990,
120682,Shipping Agent I,F,36126.00,20DEC1984,01APR2007,
120680,Shipping Agent I,F,34118.75,25AUG1984,01MAY2002,
120676,Shipping Agent I,M,39612.50,23AUG1989,01NOV2007,
120701,Shipping Agent II,F,40681.25,15SEP1999,01MAR2014,
120700,Shipping Agent II,F,40891.50,10DEC1964,01JAN1985,
120692,Shipping Agent II,M,40606.25,22NOV1969,01APR1993,
120681,Shipping Agent II,M,38687.50,12AUG1994,01APR2015,
120675,Shipping Agent II,M,45750.00,17FEB2003,01MAY2017,
120673,Shipping Agent II,F,48512.25,27JUN1959,01JAN1985,
120683,Shipping Agent III,F,49025.25,12NOV1969,01JAN1985,28FEB2014
120678,Shipping Agent III,F,50043.75,12JAN1964,01MAY1989,31AUG2014
120671,Shipping Agent III,M,50100.00,27MAY1969,01FEB1994,
120699,Shipping Manager,M,65562.75,25MAR1993,01JAN2010,
120691,Shipping Manager,M,61550.00,15SEP1959,01JAN1985,
120679,Shipping Manager,F,57737.50,07NOV1991,01JUL2013,
120677,Shipping Manager,F,88499.25,02SEP1984,01FEB2004,
120674,Shipping Manager,F,78356.25,18MAY1964,01JAN1985,
120672,Shipping Manager,M,76225.00,25AUG1979,01MAR2003,
120670,Shipping Manager,M,81775.00,26MAR1959,01JAN1985,31DEC2013
120269,Strategist II,F,70929.00,27SEP1959,01JAN1985,30APR2015
120792,Systems Architect II,F,73926.00,19MAR1991,01AUG2008,
120791,Systems Architect IV,M,76393.75,26JUL1979,01OCT1997,
121016,Technical Manager,F,64901.25,19JAN1991,01SEP2015,
121015,Technician I,M,35289.00,13DEC1994,01SEP2011,
121017,Technician II,M,36531.25,06JAN1999,01MAR2016,
121122,Temp. Sales Rep.,M,32831.25,01MAR2001,01DEC2017,31MAR2018
121121,Temp. Sales Rep.,F,32168.75,05MAR2001,01DEC2017,31MAY2018
121120,Temp. Sales Rep.,F,31275.00,25OCT1989,01DEC2017,28FEB2018
121118,Temp. Sales Rep.,M,32156.25,01MAR1994,01DEC2017,31MAY2018
121117,Temp. Sales Rep.,F,33300.00,18MAR1989,01DEC2017,31DEC2017
121116,Temp. Sales Rep.,F,36004.50,23SEP1979,01DEC2017,31MAR2018
121115,Temp. Sales Rep.,M,33037.50,13FEB1974,01DEC2017,30APR2018
121114,Temp. Sales Rep.,F,33143.75,04NOV1959,01DEC2017,30JUN2018
121113,Temp. Sales Rep.,F,34350.00,21FEB1969,01DEC2017,31JAN2018
121112,Temp. Sales Rep.,M,36254.25,13DEC2001,01DEC2017,31DEC2017
121111,Temp. Sales Rep.,M,36294.75,17JUL1959,01DEC2017,30APR2018
121110,Temp. Sales Rep.,M,35599.50,14APR1959,01DEC2017,31DEC2017
120571,Temp. Sales Rep.,F,33118.75,01MAR1964,01DEC2017,30APR2018
120570,Temp. Sales Rep.,M,34225.00,21JAN1959,01DEC2017,28FEB2018
120569,Temp. Sales Rep.,F,34081.25,22FEB1979,01DEC2017,31MAR2018
120568,Temp. Sales Rep.,F,35511.75,08FEB1984,01DEC2017,30JUN2018
120567,Temp. Sales Rep.,M,32275.00,18JAN2003,01DEC2017,30JUN2018
120566,Temp. Sales Rep.,M,37111.50,13MAR2003,01DEC2017,30JUN2018
120565,Temp. Sales Rep.,M,35201.25,10AUG1984,01DEC2017,31MAY2018
120564,Temp. Sales Rep.,F,37077.75,06MAY1984,01DEC2017,31DEC2017
120327,Temp. Sales Rep.,M,31456.25,01OCT1964,01DEC2017,31MAR2018
120326,Temp. Sales Rep.,F,34614.00,05APR1974,01DEC2017,31DEC2017
120325,Temp. Sales Rep.,F,35599.50,27MAR2003,01DEC2017,31MAY2018
120981,Temp. Sales Rep.,F,36868.50,09JAN2003,01DEC2017,30JUN2018
120980,Temp. Sales Rep.,M,34978.50,13JUL1989,01DEC2017,30APR2018
120979,Temp. Sales Rep.,F,34728.75,23MAY1979,01DEC2017,28FEB2018
120978,Temp. Sales Rep.,M,34317.00,18SEP1959,01DEC2017,30APR2018
120977,Temp. Sales Rep.,M,36301.50,04MAY1969,01DEC2017,28FEB2018
120976,Temp. Sales Rep.,F,33887.50,16JUN1964,01DEC2017,28FEB2018
120975,Temp. Sales Rep.,M,36693.00,07APR1959,01DEC2017,31MAY2018
120974,Temp. Sales Rep.,F,33856.25,28MAY1969,01DEC2017,31MAR2018
120973,Temp. Sales Rep.,M,35336.25,22JUN2003,01DEC2017,30APR2018
120972,Temp. Sales Rep.,M,35964.00,06JAN1989,01DEC2017,31MAR2018
120971,Temp. Sales Rep.,F,35923.50,24SEP1984,01DEC2017,31JAN2018
120970,Temp. Sales Rep.,F,34924.50,28APR1989,01DEC2017,31DEC2017
120501,Temp. Sales Rep.,F,32675.00,13NOV1989,01DEC2017,30APR2018
120500,Temp. Sales Rep.,M,34343.75,15DEC1989,01DEC2017,31MAR2018
120499,Temp. Sales Rep.,M,38994.75,03JUL1959,01DEC2017,28FEB2018
120498,Temp. Sales Rep.,F,32081.25,11MAR1974,01DEC2017,30APR2018
120497,Temp. Sales Rep.,M,33368.75,28SEP1994,01DEC2017,30APR2018
120496,Temp. Sales Rep.,F,31550.00,04JUN1984,01DEC2017,31DEC2017
120875,Temp. Sales Rep.,F,34040.25,19OCT2001,01DEC2014,31MAR2016
120874,Temp. Sales Rep.,M,35079.75,02APR1984,01DEC2013,31MAR2015
120873,Temp. Sales Rep.,F,32718.75,17OCT1969,01DEC2017,31DEC2017
120872,Temp. Sales Rep.,F,34398.00,04JAN2001,25JAN2012,
120871,Temp. Sales Rep.,M,29133.00,10JAN1979,01DEC2011,28FEB2014
120870,Temp. Sales Rep.,F,33756.75,20JUL1999,11AUG2010,
120869,Temp. Sales Rep.,F,37104.75,03DEC1974,01DEC2015,31MAY2016
120189,Temp. Sales Rep.,M,31475.00,03JUL1999,01DEC2017,31MAR2018
120188,Temp. Sales Rep.,F,33393.75,01MAR1969,01DEC2017,31DEC2017
120187,Temp. Sales Rep.,F,35997.75,10DEC1999,01DEC2017,31MAY2018
120186,Temp. Sales Rep.,F,33493.75,19APR1994,01DEC2017,30JUN2018
120185,Temp. Sales Rep.,F,33858.00,07APR1989,01DEC2017,31JAN2018
120184,Temp. Sales Rep.,M,34857.00,01DEC1964,01DEC2017,30APR2018
120183,Temp. Sales Rep.,M,36328.50,10SEP1984,01DEC2017,31DEC2017
120182,Temp. Sales Rep.,M,31275.00,05OCT1999,01DEC2017,31DEC2017
120181,Temp. Sales Rep.,F,33831.25,28NOV2003,01DEC2017,31MAR2018
120254,Temp. Sales Rep.,F,34137.50,19DEC1969,01DEC2017,31MAY2018
120407,Temp. Sales Rep.,M,33962.50,20JUN1999,01DEC2017,30APR2018
120253,Temp. Sales Rep.,M,31931.25,06MAR1969,01DEC2017,31MAR2018
120406,Temp. Sales Rep.,F,33025.00,05AUG2001,01DEC2017,28FEB2018
120405,Temp. Sales Rep.,F,33975.00,15JUL1959,01DEC2017,28FEB2018
120404,Temp. Sales Rep.,M,33875.00,03MAR2001,01DEC2017,31MAY2018
120252,Temp. Sales Rep.,M,35707.50,08AUG1984,01DEC2017,28FEB2018
120403,Temp. Sales Rep.,M,35255.25,06JUL1994,01DEC2017,31DEC2017
120251,Temp. Sales Rep.,M,34809.75,11SEP1974,01DEC2017,31MAY2018
120402,Temp. Sales Rep.,F,32906.25,14DEC1999,01DEC2017,28FEB2018
120401,Temp. Sales Rep.,F,33406.25,27JAN1989,01DEC2017,31MAY2018
120400,Temp. Sales Rep.,M,34031.25,14DEC1984,01DEC2017,31MAY2018
120399,Temp. Sales Rep.,M,32006.25,11OCT1969,01DEC2017,31DEC2017
120398,Temp. Sales Rep.,M,33637.50,07FEB1974,01DEC2017,31JAN2018
121119,Temp. Sales Rep.,M,34026.75,03NOV1979,01DEC2017,28FEB2018
121123,Temp. Sales Rep.,M,33012.50,27APR1959,01DEC2017,31MAR2018
120397,Temp. Sales Rep.,F,34350.00,20MAY2003,01DEC2017,31JAN2018
120647,Temp. Sales Rep.,M,34384.50,10AUG1969,01DEC2017,31JAN2018
120646,Temp. Sales Rep.,M,33400.00,04NOV1979,01DEC2017,31MAR2018
120645,Temp. Sales Rep.,F,35646.75,15MAY1994,01DEC2017,30APR2018
120644,Temp. Sales Rep.,F,35545.50,25APR1969,01DEC2017,31DEC2017
120643,Temp. Sales Rep.,M,34614.00,07SEP1974,01DEC2017,31MAY2018
120642,Temp. Sales Rep.,M,31593.75,13NOV1994,01DEC2017,31DEC2017
120641,Temp. Sales Rep.,M,35322.75,19JAN1964,01DEC2017,31MAR2018
121124,Temp. Sales Rep.,M,36348.75,15FEB1984,01DEC2017,31DEC2017
120572,Trainee,F,34053.75,09APR1974,01JAN2014,30JUN2014
120983,Trainee,M,30468.75,06JUL1994,01JAN2014,30JUN2014
120982,Trainee,F,34924.50,22DEC1989,01JAN2014,30JUN2014
120505,Trainee,F,31931.25,14APR1979,01JAN2014,30JUN2014
120504,Trainee,F,30037.50,20OCT1984,01JAN2014,30JUN2014
120503,Trainee,M,33183.00,22FEB2001,01OCT2016,31MAR2017
120502,Trainee,M,30062.50,09SEP2003,01FEB2018,31JUL2018
120197,Trainee,F,31975.00,08AUG1969,01JAN2014,30JUN2014
120876,Trainee,M,35613.00,11AUG1999,01DEC2015,31MAY2016
120196,Trainee,F,32433.75,31JAN1999,01JAN2014,30JUN2014
120195,Trainee,F,31237.50,25DEC1999,01JUL2017,31DEC2017
120194,Trainee,M,32481.25,23SEP1999,01FEB2016,31JUL2016
120193,Trainee,M,33095.25,06DEC1999,01SEP2016,28FEB2017
120192,Trainee,M,35349.75,08MAY1999,01JUN2016,30NOV2016
120191,Trainee,F,32420.25,17JAN1974,01JAN2014,30JUN2014
120190,Trainee,M,30125.00,05DEC1999,01NOV2015,30APR2016
120408,Trainee,M,35545.50,27DEC2003,01FEB2018,31JUL2018
121131,Trainee,M,34350.75,30JUN1984,01JAN2014,30JUN2014
120649,Trainee,F,29180.25,24FEB1979,01JAN2014,30JUN2014
120648,Trainee,M,34499.25,20FEB1994,01JAN2014,30JUN2014
121134,Trainee,M,31981.25,02JUL1979,01JAN2014,30JUN2014
121133,Trainee,M,34296.75,10NOV1994,01JAN2014,30JUN2014
121132,Trainee,M,30487.50,08FEB1969,01JAN2014,30JUN2014
121130,Trainee,M,34094.25,21JAN1999,01FEB2015,31JUL2015
121129,Trainee,M,38681.25,01MAY1979,01JAN2014,30JUN2014
121128,Trainee,F,31756.25,26JUN1989,01JAN2014,30JUN2014
121127,Trainee,F,34337.25,03SEP2001,01JUN2016,30NOV2016
121126,Trainee,M,35120.25,26OCT1969,01JAN2014,30JUN2014
121125,Trainee,M,31643.75,17APR1989,01JAN2014,30JUN2014
120788,Trainer I,M,41912.50,13JUN1984,01DEC2005,
120786,Trainer I,F,40812.50,18MAR1959,01JAN1985,
120787,Trainer II,M,45900.00,22AUG1984,01JAN2007,
120789,Trainer III,M,49162.50,14JUL1979,01DEC1993,31MAY2014
120785,Training Manager,F,65252.25,21JAN1984,01JUN2004,
120412,Vice President,M,241175.00,26AUG1993,01JUN2014,
121141,Vice President,M,263094.75,19JUN1959,01JAN1985,
120337,Warehouse Assistant I,M,33175.00,28MAY1964,01MAY1987,31MAR2014
121003,Warehouse Assistant I,M,35100.00,05MAY2003,01JUL2017,
120518,Warehouse Assistant I,M,33050.00,18MAY1974,01NOV1998,
120889,Warehouse Assistant I,M,34782.75,08JAN1964,01JAN1985,
120285,Warehouse Assistant I,M,34281.25,18DEC1979,01OCT2005,
120423,Warehouse Assistant I,F,32975.00,20NOV1964,01FEB1989,
120708,Warehouse Assistant I,F,32281.25,22JUL1979,01JUL1997,
120706,Warehouse Assistant I,M,31618.75,01JUN1989,01MAY2010,
120704,Warehouse Assistant I,M,33981.25,28MAR1989,01DEC2007,
120703,Warehouse Assistant I,F,33487.50,04NOV1959,01JAN1985,
120698,Warehouse Assistant I,M,35316.00,17MAY1969,01AUG1987,28FEB2016
120696,Warehouse Assistant I,M,33268.75,14AUG1969,01MAR1985,31MAR2017
120109,Warehouse Assistant I,F,35768.25,15DEC2001,01OCT2017,
120694,Warehouse Assistant I,F,34206.25,16AUG2003,01APR2017,
120690,Warehouse Assistant I,F,33999.75,17JAN1999,01DEC2015,
120688,Warehouse Assistant I,F,32381.25,25DEC1964,01JAN1985,31AUG2013
120687,Warehouse Assistant I,F,33500.00,25MAY1994,01AUG2015,31JAN2016
120685,Warehouse Assistant I,F,33925.50,01MAR1999,01NOV2017,
120684,Warehouse Assistant I,F,33700.00,26NOV2001,01NOV2017,
120583,Warehouse Assistant II,M,35208.00,03JUN1984,01JUL2007,
120338,Warehouse Assistant II,M,38360.25,01NOV1999,01OCT2017,
121002,Warehouse Assistant II,F,35977.50,18SEP1969,01DEC1990,31AUG2015
120203,Warehouse Assistant II,F,35568.75,01MAY1964,01JAN2014,
120709,Warehouse Assistant II,M,36726.75,28FEB2003,01MAR2017,
120705,Warehouse Assistant II,M,35356.50,13APR1984,01APR2007,
120695,Warehouse Assistant II,M,38043.00,13JUL1979,01JUL2000,31JUL2017
120686,Warehouse Assistant II,F,33362.50,07MAY1959,01JAN1985,
120108,Warehouse Assistant II,F,34575.00,23FEB1999,01AUG2017,
120202,Warehouse Assistant III,F,39649.50,18SEP1969,01JAN2014,
120110,Warehouse Assistant III,M,38630.25,20NOV1964,01NOV1990,
120424,Warehouse Assistant III,M,34700.00,08MAR1979,01OCT1994,
120689,Warehouse Assistant III,F,37503.00,20JUL1994,01JUL2017,
120707,Warehouse Assistant IV,F,38075.00,16SEP1994,01MAY2011,
120697,Warehouse Assistant IV,F,39993.75,27JUN2003,01JUN2017,
120582,Warehouse Manager,M,57881.25,09APR1969,01JAN1985,
120336,Warehouse Manager,F,54937.50,11FEB1991,01MAY2012,
121001,Warehouse Manager,M,58880.25,21JAN1974,01SEP1988,
120517,Warehouse Manager,F,56652.75,23AUG1991,01MAY2011,
120888,Warehouse Manager,M,54450.00,10AUG1984,01JUL2008,
120284,Warehouse Manager,M,56828.25,19AUG1979,01NOV1997,
120820,Warehouse Manager,M,54675.00,23FEB1984,01DEC2007,
120422,Warehouse Manager,F,57111.75,21NOV1993,01JUN2017,
